<?xml version="1.0" encoding="UTF-8" standalone="yes"?>
<addon id="plugin.video.gayboystube"
       name="GayBoysTube"
       version="1.0.6"
       provider-name="antigenx">
  <requires>
    <import addon="xbmc.python" version="2.1.0" />
    <import addon="script.module.parsedom" version="2.5.2" />
  </requires>
  <extension point="xbmc.python.pluginsource"
            library="addon.py">
        <provides>video</provides>
  </extension>
  <extension point="xbmc.addon.metadata">
    <summary>Watch videos from gayboystube.com</summary>
    <description>Amateur and professional gay porn.</description>
    <platform>all</platform>
  </extension>
</addon>
